"","RYGBvsDWMat3mo.sig","RYGBvsDWMat12mo.sig","RYGBvsDWMat36mo.sig","RYGBvsDWMat3mo_bmi.sig","RYGBvsDWMat12mo_bmi.sig","RYGBvsDWMat36mo_bmi.sig","PATHWAY_SORTORDER","BIOCHEMICAL","SUPER_PATHWAY","SUB_PATHWAY","COMP_ID","PLATFORM","CHEMICAL_ID","RI","MASS","CAS","PUBCHEM","CHEMSPIDER","KEGG","HMDB","CHEBI"
"C35127",1,1,1,1,1,0,384,"pro-hydroxy-pro","Amino Acid","Urea cycle; Arginine and Proline Metabolism",35127,"LC/MS Pos Early",100001167,2128,229.11829,"18684-24-7","11673055",9847785,"","HMDB06695",""
"C15506",-1,-1,-1,-1,0,0,1494,"choline","Lipid","Phospholipid Metabolism",15506,"LC/MS Pos Early",1256,1961,104.10699,"67-48-1","305",149278,"C00114","HMDB00097","CHEBI:15354"
"C33969",-1,-1,-1,-1,0,0,1098,"stearidonate (18:4n3)","Lipid","Polyunsaturated Fatty Acid (n3 and n6)",33969,"LC/MS Neg",100001229,5395,275.20165,"111174-40-4","5312508",4471933,"C16300","HMDB06547","CHEBI:32389"
"C43374",1,1,0,1,1,0,3222,"indolin-2-one","Xenobiotics","Food Component/Plant",43374,"LC/MS Pos Early",100004318,2575,134.06004,"59-48-3","321710",284794,"C12312","","CHEBI:31697"
"C15679",-1,-1,0,-1,0,0,234,"xanthurenate","Amino Acid","Tryptophan Metabolism",15679,"LC/MS Pos Early",100000015,2236,206.04479,"59-007","5699",5497,"C02470","HMDB00881","CHEBI:10072"
"C34407",-1,-1,0,-1,0,0,273,"isovalerylcarnitine","Amino Acid","Leucine, Isoleucine and Valine Metabolism",34407,"LC/MS Pos Early",100001393,3085,246.16999,"31023-24-2","6426851",4932271,"","HMDB00688","CHEBI:73025"
"C1417",-1,-1,0,-1,0,0,228,"kynurenate","Amino Acid","Tryptophan Metabolism",1417,"LC/MS Neg",98,2224,188.03531,"492-27-3","3845",3712,"C01717","HMDB00715","CHEBI:18344"
"C44876",-1,-1,0,-1,0,0,2861,"gamma-CEHC","Cofactors and Vitamins","Tocopherol Metabolism",44876,"LC/MS Neg",100002094,3843,263.12888,"178167-75-4","133098",117455,"","HMDB01931",""
"C18369",-1,-1,0,-1,0,0,437,"gamma-glutamylleucine","Peptide","Gamma-glutamyl Amino Acid",18369,"LC/MS Pos Early",1268,2991,261.1445,"2566-39-4","151023",133115,"","HMDB11171",""
"C42381",-1,-1,0,-1,0,0,2862,"gamma-CEHC glucuronide*","Cofactors and Vitamins","Tocopherol Metabolism",42381,"LC/MS Neg",100004243,2500,439.16097,"","",NA,"","",""
"C40406",1,1,0,1,0,0,1504,"trimethylamine N-oxide","Lipid","Phospholipid Metabolism",40406,"LC/MS Pos Early",100003397,2100,76.07569,"1184-78-7","1145",1113,"C01104","HMDB00925","CHEBI:15724"
"C52925",1,1,0,1,0,0,208,"phenylacetylglutamate","Amino Acid","Phenylalanine and Tyrosine Metabolism",52925,"LC/MS Pos Early",100009045,2357,266.1023,"","11579826",9754592,"","HMDB59772",""
"C35126",1,1,0,1,0,0,121,"phenylacetylglutamine","Amino Acid","Phenylalanine and Tyrosine Metabolism",35126,"LC/MS Pos Early",100001417,2145,265.11829,"28047-15-6","92258",270643,"C04148","HMDB06344","CHEBI:17884"
"C43829",-1,-1,0,-1,0,0,444,"gamma-glutamylvaline","Peptide","Gamma-glutamyl Amino Acid",43829,"LC/MS Neg",100001126,1072,245.11429,"2746-34-1","7015683",NA,"","HMDB11172",""
"C18467",-1,-1,0,-1,0,0,1099,"eicosapentaenoate (EPA; 20:5n3)","Lipid","Polyunsaturated Fatty Acid (n3 and n6)",18467,"LC/MS Neg",2050,5450,301.2173,"10-2005-9;10417-94-4","446284",393682,"C06428","HMDB01999","CHEBI:28364"
"C1649",-1,-1,0,-1,0,0,307,"valine","Amino Acid","Leucine, Isoleucine and Valine Metabolism",1649,"LC/MS Pos Early",566,2479,118.08626,"72-18-4","6287",6050,"C00183","HMDB00883","CHEBI:16414"
"C44526",-1,-1,0,-1,0,0,296,"3-methyl-2-oxobutyrate","Amino Acid","Leucine, Isoleucine and Valine Metabolism",44526,"LC/MS Neg",100000936,1465,115.04006,"3715-29-5","49",48,"C00141","HMDB00019","CHEBI:16530"
"C60",-1,-1,0,-1,0,0,265,"leucine","Amino Acid","Leucine, Isoleucine and Valine Metabolism",60,"LC/MS Pos Early",397,2864,132.10191,"61-90-5","6106",5880,"C00123","HMDB00687","CHEBI:15603"
"C42489",1,1,0,1,0,0,1321,"2-hydroxydecanoate","Lipid","Fatty Acid, Monohydroxy",42489,"LC/MS Neg",100004089,4840,187.13396,"5393-81-7","21488",20195,"","",""
"C1638",0,1,0,0,1,1,360,"arginine","Amino Acid","Urea cycle; Arginine and Proline Metabolism",1638,"LC/MS Pos Early",231,2825,175.11896,"1119-34-2","232",227,"C00062","HMDB00517","CHEBI:16467"
"C52974",0,1,0,0,1,1,2079,"glycochenodeoxycholate sulfate","Lipid","Primary Bile Acid Metabolism",52974,"LC/MS Neg",100006641,4820,263.62819,"","",NA,"","",""
"C37432",-1,-1,0,-1,0,0,2777,"N-acetyl-beta-alanine","Nucleotide","Pyrimidine Metabolism, Uracil containing",37432,"LC/MS Neg",100002102,773,130.05096,"3025-95-4","76406",68881,"C01073","",""
"C1549",-1,0,0,-1,0,0,312,"3-hydroxyisobutyrate","Amino Acid","Leucine, Isoleucine and Valine Metabolism",1549,"LC/MS Polar",111,1619.1,103.04007,"2068-83-9","87",10140307,"C06001","HMDB00336","CHEBI:37373"
"C1806",-1,0,0,-1,0,0,2907,"retinol (Vitamin A)","Cofactors and Vitamins","Vitamin A Metabolism",1806,"LC/MS Pos Late",498,1636,269.22639,"68-26-8","445354",393012,"C00473","HMDB00305","CHEBI:17336"
"C32197",-1,-1,0,0,0,0,134,"3-(4-hydroxyphenyl)lactate","Amino Acid","Phenylalanine and Tyrosine Metabolism",32197,"LC/MS Neg",240,1379,181.05063,"6482-98-0","9378",9010,"C03672","HMDB00755",""
"C32452",-1,0,0,-1,0,0,1268,"propionylcarnitine","Lipid","Fatty Acid Metabolism (also BCAA Metabolism)",32452,"LC/MS Pos Early",100001162,2590,218.13869,"17298-37-2","107738",96904,"C03017","HMDB00824","CHEBI:28867"
"C27710",0,1,1,0,0,0,2,"N-acetylglycine","Amino Acid","Glycine, Serine and Threonine Metabolism",27710,"LC/MS Neg",100001006,731,116.03531,"543-24-8","10972",10507,"","HMDB00532",""
"C606",-1,0,0,-1,0,0,2759,"uridine","Nucleotide","Pyrimidine Metabolism, Uracil containing",606,"LC/MS Neg",535,1457.6,243.06226,"58-96-8","6029",5807,"C00299","HMDB00296","CHEBI:16704"
"C40730",1,0,0,1,0,0,69,"imidazole propionate","Amino Acid","Histidine Metabolism",40730,"LC/MS Pos Early",100003434,2263,141.06586,"1074-59-5","70630",63798,"","HMDB02271",""
"C44675",-1,-1,0,0,0,0,1101,"docosahexaenoate (DHA; 22:6n3)","Lipid","Polyunsaturated Fatty Acid (n3 and n6)",44675,"LC/MS Neg",100000665,5525,327.23295,"6217-54-5","445580",393183,"C06429","HMDB02183","CHEBI:28125"
"C59",-1,0,0,-1,0,0,58,"histidine","Amino Acid","Histidine Metabolism",59,"LC/MS Pos Early",355,2707,156.07676,"5934-29-2","6274",752,"C00135","HMDB00177","CHEBI:15971"
"C2132",0,1,0,0,1,0,365,"citrulline","Amino Acid","Urea cycle; Arginine and Proline Metabolism",2132,"LC/MS Pos Early",391,1520,176.10297,"372-75-8","9750",810,"C00327","HMDB00904","CHEBI:16349"
"C27718",-1,0,0,-1,0,0,389,"creatine","Amino Acid","Creatine Metabolism",27718,"LC/MS Pos Early",1221,1947,132.07676,"57-00-1","586",566,"C00300","HMDB00064","CHEBI:16919"
"C42448",-1,0,0,-1,0,0,1538,"1-stearoyl-2-oleoyl-GPE (18:0/18:1)","Lipid","Phospholipid Metabolism",42448,"LC/MS Pos Late",100001856,2858,746.56944,"","",NA,"","",""
"C48441",0,-1,-1,0,0,0,3860,"4-hydroxychlorothalonil","Xenobiotics","Chemical",48441,"LC/MS Neg",100006082,4427,244.90817,"28343-61-5","34217",31530,"","",""
"C1587",-1,0,0,-1,0,0,266,"N-acetylleucine","Amino Acid","Leucine, Isoleucine and Valine Metabolism",1587,"LC/MS Neg",1082,2400,172.09791,"1188-21-2","70912",64075,"C02710","HMDB11756",""
"C43266",-1,0,0,-1,0,0,3767,"2-aminophenol sulfate","Xenobiotics","Chemical",43266,"LC/MS Neg",100004322,1677,188.0023,"","181670",158022,"","HMDB61116",""
"C35482",-1,0,0,-1,0,0,1253,"2-methylmalonyl carnitine","Lipid","Fatty Acid Synthesis",35482,"LC/MS Pos Early",100001596,2440,262.12852,"149181-64-6","53481628",21403178,"","HMDB13133",""
"C37529",1,0,0,1,0,0,1849,"sphingomyelin (d18:1/18:1, d18:2/18:0)","Lipid","Sphingolipid Metabolism",37529,"LC/MS Pos Late",100002106,2167,729.5905,"108392-10-5","6443882",4947837,"","",""
"C22116",-1,0,0,-1,0,0,268,"4-methyl-2-oxopentanoate","Amino Acid","Leucine, Isoleucine and Valine Metabolism",22116,"LC/MS Neg",100000551,2170,129.05571,"816-66-0","70",69,"C00233","HMDB00695","CHEBI:17865"
"C42574",0,1,0,0,1,0,2103,"glycohyocholate","Lipid","Secondary Bile Acid Metabolism",42574,"LC/MS Neg",100004083,5020,464.30176,"","",NA,"","",""
"C22132",-1,-1,0,0,0,0,313,"alpha-hydroxyisocaproate","Amino Acid","Leucine, Isoleucine and Valine Metabolism",22132,"LC/MS Neg",100000706,1840,131.07136,"10303-64-7","83697",75520,"C03264","HMDB00746",""
"C43530",1,0,0,1,0,0,100,"N-acetyl-cadaverine","Amino Acid","Lysine Metabolism",43530,"LC/MS Pos Early",100002249,2385,145.13354,"32343-73-0","",NA,"","",""
"C12129",-1,0,0,-1,0,0,276,"beta-hydroxyisovalerate","Amino Acid","Leucine, Isoleucine and Valine Metabolism",12129,"LC/MS Neg",1442,1027,117.05572,"625-08-1","69362",62571,"","HMDB00754","CHEBI:37084"
"C34035",0,-1,0,0,-1,0,1107,"linolenate [alpha or gamma; (18:3n3 or 6)]","Lipid","Polyunsaturated Fatty Acid (n3 and n6)",34035,"LC/MS Neg",100001337,5450,277.2173,"","5280934",4444437,"C06426","HMDB03073","CHEBI:28661"
"C15443",-1,0,0,-1,0,0,994,"glucuronate","Carbohydrate","Aminosugar Metabolism",15443,"LC/MS Polar",100000257,3233.3,193.03537,"207300-70-7","444791",58552,"C00191","HMDB00127","CHEBI:47953"
"C1508",1,0,0,1,0,0,2838,"pantothenate","Cofactors and Vitamins","Pantothenate and CoA Metabolism",1508,"LC/MS Neg",1024,1498.7,218.10339,"137-08-6","6613",6361,"C00864","HMDB00210","CHEBI:7916"
"C48580",-1,0,0,-1,0,0,3665,"2-acetamidophenol sulfate","Xenobiotics","Drug",48580,"LC/MS Neg",100006190,2251,230.01286,"40712-60-5","181671",158023,"","",""
"C39346",-1,0,0,-1,0,0,2863,"alpha-CEHC glucuronide*","Cofactors and Vitamins","Tocopherol Metabolism",39346,"LC/MS Neg",100003101,2616,453.17662,"477200-36-5","",NA,"","",""
"C38306",0,-1,0,0,-1,0,3568,"metformin","Xenobiotics","Drug",38306,"LC/MS Pos Early",100002405,2817,130.10873,"1115-70-4","4091",3949,"C07151","HMDB01921","CHEBI:6801"
"C542",1,0,0,1,0,0,1315,"3-hydroxybutyrate (BHBA)","Lipid","Ketone Bodies",542,"LC/MS Polar",254,1443.3,103.04007,"625-72-9","441",428,"C01089","HMDB00357","CHEBI:20067"
"C18374",-1,0,0,-1,0,0,329,"methionine sulfoxide","Amino Acid","Methionine, Cysteine, SAM and Taurine Metabolism",18374,"LC/MS Pos Early",100000039,1272,166.05325,"3226-65-1","158980",139840,"C02989","HMDB02005","CHEBI:49033"
"C48428",-1,0,0,-1,0,0,3352,"pyrraline","Xenobiotics","Food Component/Plant",48428,"LC/MS Neg",100001767,2304,253.11938,"74509-14-1","",19980286,"","",""
"C19503",1,0,0,1,0,0,1848,"stearoyl sphingomyelin (d18:1/18:0)","Lipid","Sphingolipid Metabolism",19503,"LC/MS Pos Late",1538,2400,731.60615,"85187-10-6;85187-10-6","6453725",4956085,"C00550","HMDB01348","CHEBI:62490"
"C64",-1,0,0,-1,0,0,108,"phenylalanine","Amino Acid","Phenylalanine and Tyrosine Metabolism",64,"LC/MS Pos Early",460,2878,166.08626,"63-91-2","6140",5910,"C00079","HMDB00159","CHEBI:17295"
"C512",-1,0,0,-1,0,0,32,"asparagine","Amino Acid","Alanine and Aspartate Metabolism",512,"LC/MS Pos Early",917,1225,133.06077,"70-47-3","6267",6031,"C00152","HMDB00168","CHEBI:17196"
"C33950",-1,0,0,-1,0,0,109,"N-acetylphenylalanine","Amino Acid","Phenylalanine and Tyrosine Metabolism",33950,"LC/MS Neg",100001256,2597,206.08226,"2018-61-3","74839",67404,"C03519","HMDB00512",""
"C40703",-1,0,0,-1,0,0,693,"prolylglycine","Peptide","Dipeptide",40703,"LC/MS Pos Early",100003674,2136,173.09207,"2578-57-6","7408076;6426709",4932143,"","","CHEBI:73594"
"C52603",-1,0,0,-1,0,0,1575,"1,2-dilinoleoyl-GPC (18:2/18:2)","Lipid","Phospholipid Metabolism",52603,"LC/MS Pos Late",100008903,2006,782.56944,"998-06-1","5288075",4450312,"","","CHEBI:42027"
"C32562",1,0,0,1,0,0,1970,"pregnen-diol disulfate*","Lipid","Steroid",32562,"LC/MS Neg",100001993,3868,238.07747,"","",NA,"","",""
"C40473",-1,0,0,-1,0,0,65,"hydantoin-5-propionic acid","Amino Acid","Histidine Metabolism",40473,"LC/MS Polar",100002514,2080,171.04113,"5624-26-0","782",761,"C05565","HMDB01212",""
"C1121",0,-1,0,0,-1,0,1067,"margarate (17:0)","Lipid","Long Chain Fatty Acid",1121,"LC/MS Neg",891,5731,269.2486,"506-12-7","10465",10033,"","HMDB02259",""
"C38100",-1,0,0,-1,0,0,3123,"betonicine","Xenobiotics","Food Component/Plant",38100,"LC/MS Pos Early",100002153,1012,160.09682,"515-25-3","164642",144333,"C08269","HMDB29412",""
"C36098",-1,0,0,-1,0,0,2964,"4-vinylphenol sulfate","Xenobiotics","Benzoate Metabolism",36098,"LC/MS Neg",100001755,3320,199.00705,"2628-17-3","6426766",4932200,"C05627","HMDB04072",""
"C53230",1,0,0,1,0,0,1327,"3-hydroxyhexanoate","Lipid","Fatty Acid, Monohydroxy",53230,"LC/MS Neg",100006367,1725,131.07136,"10191-24-9","151492",133518,"","",""
"C45951",-1,0,0,-1,0,0,1676,"1-linolenoyl-GPC (18:3)*","Lipid","Lysolipid",45951,"LC/MS Pos Late",100005350,1422,518.32412,"","",NA,"","",""
"C39379",1,0,0,1,0,0,2095,"glycoursodeoxycholate","Lipid","Secondary Bile Acid Metabolism",39379,"LC/MS Neg",100002911,5033,448.30684,"64480-66-6","12310288",19973534,"","HMDB00708",""
"C43264",1,0,0,1,0,0,1283,"3-hydroxybutyrylcarnitine (1)","Lipid","Fatty Acid Metabolism(Acyl Carnitine)",43264,"LC/MS Pos Early",100003926,2400,248.14925,"","53481617",NA,"","HMDB13127",""
"C44681",1,0,0,1,0,0,1295,"palmitoylcarnitine","Lipid","Fatty Acid Metabolism(Acyl Carnitine)",44681,"LC/MS Pos Late",100000776,1425,400.34214,"6865-14-1","461",448,"C02990","HMDB00222","CHEBI:17490"
"C52434",1,0,0,1,0,0,1871,"palmitoyl dihydrosphingomyelin (d18:0/16:0)*","Lipid","Sphingolipid Metabolism",52434,"LC/MS Pos Late",100008954,2290,705.5905,"","9939965",8115586,"","",""
"C47153",1,0,0,1,0,0,1865,"sphingomyelin (d18:1/24:1, d18:2/24:0)*","Lipid","Sphingolipid Metabolism",47153,"LC/MS Pos Late",100005986,3033,813.68441,"94359-13-4","",24846874,"","",""
"C52677",-1,0,0,-1,0,0,1768,"1-(1-enyl-palmitoyl)-2-linoleoyl-GPE (P-16:0/18:2)*","Lipid","Plasmalogen",52677,"LC/MS Pos Late",100009069,2351,700.52757,"","",24769229,"","",""
"C32984",-1,0,0,-1,0,0,378,"N-alpha-acetylornithine","Amino Acid","Urea cycle; Arginine and Proline Metabolism",32984,"LC/MS Pos Early",100000285,2000,175.10772,"1572591","439232",388369,"C00437","HMDB03357","CHEBI:16543"
"C19265",-1,0,0,-1,0,0,1656,"1-stearoyl-2-oleoyl-GPS (18:0/18:1)","Lipid","Phosphatidylserine (PS)",19265,"LC/MS Pos Late",100000639,3000,790.55926,"","9547087",7826037,"","",""
"C47666",-1,0,0,-1,0,0,2864,"alpha-CEHC sulfate","Cofactors and Vitamins","Tocopherol Metabolism",47666,"LC/MS Neg",100005972,3090,357.10134,"","",NA,"","",""
"C37184",-1,0,0,-1,0,0,2020,"5alpha-androstan-3alpha,17beta-diol disulfate","Lipid","Steroid",37184,"LC/MS Neg",100002017,4275,225.06965,"","",NA,"","",""
"C53176",-1,0,0,-1,0,0,1519,"1-linoleoyl-2-linolenoyl-GPC (18:2/18:3)*","Lipid","Phospholipid Metabolism",53176,"LC/MS Pos Late",100009343,1939,780.55378,"","",24766802,"","",""
"C35160",1,0,0,1,0,0,1299,"oleoylcarnitine","Lipid","Fatty Acid Metabolism(Acyl Carnitine)",35160,"LC/MS Pos Late",100001501,1423,426.35779,"38677-66-6","6441392;53477789",21403150,"","HMDB05065",""
"C22001",0,-1,0,0,-1,0,1328,"3-hydroxyoctanoate","Lipid","Fatty Acid, Monohydroxy",22001,"LC/MS Neg",100000773,3446,159.10266,"88930-08-9","26613",24791,"","HMDB01954","CHEBI:37098"
"C12017",1,0,0,1,0,0,156,"3-methoxytyrosine","Amino Acid","Phenylalanine and Tyrosine Metabolism",12017,"LC/MS Pos Early",1342,2555,212.09174,"300-48-1","1670",8948,"","HMDB01434","CHEBI:82913"
"C34428",0,0,0,0,1,1,1741,"1-palmitoyl-GPA (16:0)","Lipid","Lysolipid",34428,"LC/MS Neg",100001445,5600,409.23606,"17618-08-5","6419701",4925335,"C04036","HMDB00327","CHEBI:15799"
"C1591",-1,0,0,-1,0,0,308,"N-acetylvaline","Amino Acid","Leucine, Isoleucine and Valine Metabolism",1591,"LC/MS Neg",1084,1704,158.08226,"96-81-1","66789",60154,"","HMDB11757",""
"C33009",-1,0,0,-1,0,0,3218,"homostachydrine*","Xenobiotics","Food Component/Plant",33009,"LC/MS Pos Early",100001550,1750,158.11756,"1195-94-4","441447",390180,"C08283","HMDB33433",""
"C47101",-1,0,0,-1,0,0,3855,"N-methylpipecolate","Xenobiotics","Chemical",47101,"LC/MS Pos Early",100005383,1932,144.10191,"41447-17-0","11862129;11286529",9461516,"","",""
"C15716",-1,0,0,-1,0,0,70,"imidazole lactate","Amino Acid","Histidine Metabolism",15716,"LC/MS Pos Early",100000263,2040,157.06077,"14403-45-3","440129",389128,"C05568","HMDB02320",""
"C44877",1,0,0,1,0,0,1861,"N-palmitoyl-sphingosine (d18:1/16:0)","Lipid","Sphingolipid Metabolism",44877,"LC/MS Pos Late",1518,2893,538.51937,"24696-26-2","5283564",4446677,"","HMDB04949",""
"C1302",0,0,0,0,1,1,324,"methionine","Amino Acid","Methionine, Cysteine, SAM and Taurine Metabolism",1302,"LC/MS Pos Early",415,2526,150.05833,"63-68-3","6137",5907,"C00073","HMDB00696","CHEBI:16643"
"C46225",0,1,0,0,0,0,53,"pyroglutamine*","Amino Acid","Glutamate Metabolism",46225,"LC/MS Pos Early",100001540,1900,129.06586,"2353-44-8","134508",118562,"","",""
"C27672",0,1,0,0,0,0,226,"3-indoxyl sulfate","Amino Acid","Tryptophan Metabolism",27672,"LC/MS Neg",100000467,2222.2,212.0023,"2642-37-7","10258",9840,"","HMDB00682","CHEBI:43355"
"C48698",0,1,0,0,0,0,3877,"6-hydroxyindole sulfate","Xenobiotics","Chemical",48698,"LC/MS Neg",100006260,2498,212.0023,"","",NA,"","",""
"C52453",0,0,1,0,0,0,1526,"1-oleoyl-2-linoleoyl-GPC (18:1/18:2)*","Lipid","Phospholipid Metabolism",52453,"LC/MS Pos Late",100008981,2165,784.58509,"","",NA,"","",""
"C43255",0,1,0,0,0,0,63,"N-acetyl-1-methylhistidine*","Amino Acid","Histidine Metabolism",43255,"LC/MS Pos Early",100004299,2100,212.1028,"","",NA,"","",""
"C37211",0,-1,0,0,0,0,1997,"4-androsten-3beta,17beta-diol monosulfate (1)","Lipid","Steroid",37211,"LC/MS Neg",100002028,4500,369.17411,"521-17-5","",NA,"","HMDB03818","CHEBI:2710"
"C2734",0,-1,0,0,0,0,443,"gamma-glutamyltyrosine","Peptide","Gamma-glutamyl Amino Acid",2734,"LC/MS Neg",1102,1240,309.10921,"7432-23-7","94340",85142,"","HMDB11741",""
"C37192",0,-1,0,0,0,0,2014,"5alpha-androstan-3beta,17beta-diol monosulfate (2)","Lipid","Steroid",37192,"LC/MS Neg",100002024,4685,371.18976,"","",NA,"","",""
"C37186",0,-1,0,0,0,0,2011,"5alpha-androstan-3alpha,17beta-diol monosulfate (1)","Lipid","Steroid",37186,"LC/MS Neg",100002018,4925,371.18976,"","",NA,"","",""
"C2761",0,-1,0,0,0,0,194,"thyroxine","Amino Acid","Phenylalanine and Tyrosine Metabolism",2761,"LC/MS Neg",1094,4808,775.67944,"51-48-9","5819",5614,"C01829","HMDB01918","CHEBI:18332"
"C41220",0,0,1,0,0,0,1703,"2-stearoyl-GPE (18:0)*","Lipid","Lysolipid",41220,"LC/MS Neg",100003901,6350,480.30956,"","",24769218,"","",""
"C1299",-1,0,0,0,0,0,123,"tyrosine","Amino Acid","Phenylalanine and Tyrosine Metabolism",1299,"LC/MS Pos Early",815,2430,182.08117,"60-18-4","6057",5833,"C00082","HMDB00158","CHEBI:17895"
"C22130",-1,0,0,0,0,0,113,"phenyllactate (PLA)","Amino Acid","Phenylalanine and Tyrosine Metabolism",22130,"LC/MS Neg",100000774,2208,165.05571,"828-01-3","3848",3715,"C05607","HMDB00779",""
"C52281",0,-1,0,0,0,0,359,"2-hydroxybutyrate/2-hydroxyisobutyrate","Amino Acid","Methionine, Cysteine, SAM and Taurine Metabolism",52281,"LC/MS Polar",100008928,1258,103.04006,"","",NA,"","",""
"C37207",0,-1,0,0,0,0,2001,"4-androsten-3alpha,17alpha-diol monosulfate (2)","Lipid","Steroid",37207,"LC/MS Neg",100002026,4712,369.17411,"","",NA,"","",""
"C15958",0,1,0,0,0,0,117,"phenylacetate","Amino Acid","Phenylalanine and Tyrosine Metabolism",15958,"LC/MS Neg",100000011,2150,135.04515,"103-82-2","999",10181341,"C07086","HMDB00209","CHEBI:30745"
"C38293",0,-1,0,0,0,0,1165,"13-methylmyristate","Lipid","Fatty Acid, Branched",38293,"LC/MS Neg",100002344,5499,241.2173,"2485-71-4","151014",133106,"","",""
"C15749",0,1,0,0,0,0,189,"3-phenylpropionate (hydrocinnamate)","Amino Acid","Phenylalanine and Tyrosine Metabolism",15749,"LC/MS Neg",100000010,2860,149.0608,"501-52-0","107",10181339,"C05629","HMDB00764",""
"C1512",-1,0,0,0,0,0,235,"picolinate","Amino Acid","Tryptophan Metabolism",1512,"LC/MS Pos Early",1022,910,124.03931,"98-98-6","1018",993,"C10164","HMDB02243","CHEBI:28747"
"C32390",-1,0,0,0,0,0,124,"N-acetyltyrosine","Amino Acid","Phenylalanine and Tyrosine Metabolism",32390,"LC/MS Neg",100001104,1680,222.07718,"537-55-3","68310",61606,"","HMDB00866",""
"C58",0,1,0,0,0,0,1,"glycine","Amino Acid","Glycine, Serine and Threonine Metabolism",58,"LC/MS Pos Early",340,1375,76.03931,"56-40-6","750",730,"C00037","HMDB00123","CHEBI:15428"
"C32553",1,0,0,0,0,0,139,"phenol sulfate","Amino Acid","Phenylalanine and Tyrosine Metabolism",32553,"LC/MS Neg",100001510,2156,172.9914,"937-34-8","74426",67018,"C02180","HMDB60015","CHEBI:27905"
"C587",-1,0,0,0,0,0,3127,"gluconate","Xenobiotics","Food Component/Plant",587,"LC/MS Polar",338,2922,195.05102,"527-07-1","10690",10240,"C00257","HMDB00625",""
"C38637",0,1,0,0,0,0,3168,"cinnamoylglycine","Xenobiotics","Food Component/Plant",38637,"LC/MS Neg",100002253,3127,204.06661,"16534-24-0","709625",618829,"","HMDB11621",""
"C48841",0,1,0,0,0,0,201,"p-cresol-glucuronide*","Amino Acid","Phenylalanine and Tyrosine Metabolism",48841,"LC/MS Neg",100006191,2420,283.08232,"17680-99-8","154035",135751,"","HMDB11686",""
"C36103",0,1,0,0,0,0,142,"p-cresol sulfate","Amino Acid","Phenylalanine and Tyrosine Metabolism",36103,"LC/MS Neg",100001315,2890,187.00705,"3233-57-7","4615423",3806480,"C01468","HMDB11635","CHEBI:82914"
"C21134",1,0,0,0,0,0,1186,"adipate","Lipid","Fatty Acid, Dicarboxylate",21134,"LC/MS Polar",100000863,3000,145.05063,"124-04-9","196",191,"C06104","HMDB00448","CHEBI:30832"
"C22138",0,0,0,-1,0,0,368,"homocitrulline","Amino Acid","Urea cycle; Arginine and Proline Metabolism",22138,"LC/MS Polar",100000963,3006.8,188.10406,"1190-49-4","65072",58582,"C02427","HMDB00679","CHEBI:58148"
"C48434",-1,0,0,0,0,0,388,"N-acetylcitrulline","Amino Acid","Urea cycle; Arginine and Proline Metabolism",48434,"LC/MS Neg",100001577,940,216.09898,"33965-42-3","656979",571213,"C15532","HMDB00856",""
"C37092",0,-1,0,0,0,0,445,"gamma-glutamyl-2-aminobutyrate","Peptide","Gamma-glutamyl Amino Acid",37092,"LC/MS Pos Early",100001502,2380,233.1132,"","",21403151,"","",""
"C52438",-1,0,0,0,0,0,1512,"1-stearoyl-2-oleoyl-GPC (18:0/18:1)","Lipid","Phospholipid Metabolism",52438,"LC/MS Pos Late",100008904,2644,788.61639,"56421-10-4","",24766704,"","",""
"C22053",0,-1,0,0,0,0,1329,"3-hydroxydecanoate","Lipid","Fatty Acid, Monohydroxy",22053,"LC/MS Neg",100000997,4634.7,187.13396,"5561-87-5","26612",24790,"","HMDB02203",""
"C48757",0,0,0,0,0,1,259,"N-acetylkynurenine (2)","Amino Acid","Tryptophan Metabolism",48757,"LC/MS Pos Early",100006378,2364,251.10264,"","",NA,"","",""
"C33947",-1,0,0,0,0,0,442,"gamma-glutamyltryptophan","Peptide","Gamma-glutamyl Amino Acid",33947,"LC/MS Neg",100001295,1960,332.12519,"66471-20-3","3989307",2302065,"","HMDB29160",""
"C37097",-1,0,0,0,0,0,251,"tryptophan betaine ","Amino Acid","Tryptophan Metabolism",37097,"LC/MS Pos Early",100001743,2673,247.14411,"20671-76-5","442106",390633,"C09213","HMDB61115",""
"C37253",-1,0,0,0,0,0,1184,"2-hydroxyglutarate","Lipid","Fatty Acid, Dicarboxylate",37253,"LC/MS Polar",100002070,3352.8,147.02989,"40951-21-1","43",42,"C02630","HMDB00606","CHEBI:32796"
"C37185",0,0,0,-1,0,0,2051,"5alpha-androstan-3alpha,17beta-diol monosulfate (2)","Lipid","Steroid",37185,"LC/MS Neg",100006005,5080,371.18976,"","",NA,"","",""
"C34396",-1,0,0,0,0,0,1495,"choline phosphate","Lipid","Phospholipid Metabolism",34396,"LC/MS Pos Early",267,700,184.07332,"72556-74-2","1014",119298,"C00588","HMDB01565","CHEBI:18132"
"C42370",-1,0,0,0,0,0,57,"S-1-pyrroline-5-carboxylate","Amino Acid","Glutamate Metabolism",42370,"LC/MS Pos Early",35,1528,114.05496,"2906-39-0","1196",10140206,"C04322","HMDB01301","CHEBI:1372"
"C42374",0,-1,0,0,0,0,339,"2-aminobutyrate","Amino Acid","Methionine, Cysteine, SAM and Taurine Metabolism",42374,"LC/MS Pos Early",1128,2059,104.07061,"1492-24-6","439691",388757,"C02261","HMDB00650","CHEBI:28797"
"C39831",-1,0,0,0,0,0,1205,"eicosanodioate","Lipid","Fatty Acid, Dicarboxylate",39831,"LC/MS Neg",100002951,5200.9,341.26973,"2424-92-2","75502",68030,"","",""
"C18394",-1,0,0,0,0,0,2986,"theophylline","Xenobiotics","Xanthine Metabolism",18394,"LC/MS Pos Early",100000437,1870,181.07201,"58-55-9","2153",2068,"C07130","HMDB01889","CHEBI:28177"
"C36594",-1,0,0,0,0,0,1729,"1-linoleoyl-GPI (18:2)*","Lipid","Lysolipid",36594,"LC/MS Neg",100001778,5494,595.28888,"","",NA,"","",""
"C18254",-1,0,0,0,0,0,2984,"paraxanthine","Xenobiotics","Xanthine Metabolism",18254,"LC/MS Pos Early",100000453,1810,181.07201,"611-59-6","4687",4525,"C13747","HMDB01860","CHEBI:25858"
"C44656",-1,0,0,0,0,0,271,"isovalerate","Amino Acid","Leucine, Isoleucine and Valine Metabolism",44656,"LC/MS Neg",100000708,1564,101.0608,"503-74-2","10430",10001,"C08262","HMDB00718",""
"C52988",1,0,0,0,0,0,1304,"adipoylcarnitine","Lipid","Fatty Acid Metabolism(Acyl Carnitine)",52988,"LC/MS Pos Early",100006614,2558,290.15982,"","",28540385,"","",""
"C52437",1,0,0,0,0,0,1875,"sphingomyelin (d18:2/24:1, d18:1/24:2)*","Lipid","Sphingolipid Metabolism",52437,"LC/MS Pos Late",100008957,2635,811.66868,"","",NA,"","",""
"C34109",0,0,0,0,-1,0,3574,"metoprolol acid metabolite*","Xenobiotics","Drug",34109,"LC/MS Pos Early",100001385,2950,268.15434,"56392-14-4","62936",56653,"","",""
"C1356",0,0,0,0,-1,0,1077,"nonadecanoate (19:0)","Lipid","Long Chain Fatty Acid",1356,"LC/MS Neg",892,6068,297.2799,"646-30-0","12591",12071,"C16535","HMDB00772",""
"C52984",0,0,0,0,-1,0,1284,"3-hydroxybutyrylcarnitine (2)","Lipid","Fatty Acid Metabolism(Acyl Carnitine)",52984,"LC/MS Pos Early",100009271,2340,248.14925,"","",NA,"","",""
"C1498",0,0,0,0,1,0,84,"N6,N6,N6-trimethyllysine","Amino Acid","Lysine Metabolism",1498,"LC/MS Pos Early",189,2825,189.15976,"23284-33-5","440120",140379,"C03793","HMDB01325",""
"C33161",0,0,0,0,-1,0,3440,"2-methoxyacetaminophen glucuronide*","Xenobiotics","Drug",33161,"LC/MS Neg",100001795,1633,356.0987,"","",NA,"","",""
"C45721",0,0,0,0,-1,0,3436,"3-(N-acetyl-L-cystein-S-yl) acetaminophen","Xenobiotics","Drug",45721,"LC/MS Neg",2048,2094,311.07072,"52372-86-8","83967",75765,"","",""
"C52690",0,0,0,0,1,0,1760,"1-linoleoyl-GPA (18:2)*","Lipid","Lysolipid",52690,"LC/MS Neg",100009082,5483,433.23606,"","",24766514,"","HMDB07856",""
"C48885",0,0,0,0,1,0,896,"arabitol/xylitol","Carbohydrate","Pentose Metabolism",48885,"LC/MS Polar",100006430,1932.4,151.0612,"","",NA,"","",""
"C12032",0,0,0,0,-1,0,3438,"4-acetamidophenol","Xenobiotics","Drug",12032,"LC/MS Neg",1383,2173.7,150.05605,"103-90-2","1983",1906,"C06804","HMDB01859",""
"C54",0,0,0,0,1,0,217,"tryptophan","Amino Acid","Tryptophan Metabolism",54,"LC/MS Pos Early",565,2986,205.09716,"73-22-3","6305",6066,"C00078","HMDB00929","CHEBI:16828"
"C15736",0,0,0,0,-1,0,3439,"4-acetamidophenylglucuronide","Xenobiotics","Drug",15736,"LC/MS Neg",100000043,1400,326.08814,"120595-80-4","83944",3239926,"","HMDB10316","CHEBI:32636"
"C33972",0,0,0,0,-1,0,1078,"10-nonadecenoate (19:1n9)","Lipid","Long Chain Fatty Acid",33972,"LC/MS Neg",100001277,5780,295.26425,"73033-09-7","5312513",4471938,"","HMDB13622",""
"C33587",0,0,0,0,-1,0,1083,"eicosenoate (20:1)","Lipid","Long Chain Fatty Acid",33587,"LC/MS Neg",100001335,5950,309.2799,"","5282768",4445895,"","HMDB02231",""
